{
  "auc": [
    0.9040549397468567,
    0.9450704455375671,
    0.9554625153541565,
    0.9638311862945557,
    0.9665512442588806,
    0.971180260181427,
    0.9726965427398682,
    0.9757779240608215,
    0.9780149459838867,
    0.9785947799682617,
    0.9782838821411133,
    0.9797783493995667,
    0.9801527857780457,
    0.9835888743400574
  ],
  "loss": [
    0.0827302634716034,
    0.058873314410448074,
    0.05444982647895813,
    0.05084340274333954,
    0.04943060874938965,
    0.047097209841012955,
    0.045552659779787064,
    0.042785532772541046,
    0.04161229357123375,
    0.04049210995435715,
    0.04068582504987717,
    0.03856882080435753,
    0.03811296820640564,
    0.03745824843645096
  ],
  "precision": [
    0.7044227123260498,
    0.8053874373435974,
    0.8171518445014954,
    0.8242197632789612,
    0.8302550315856934,
    0.8325363993644714,
    0.8378515839576721,
    0.8445770144462585,
    0.8400628566741943,
    0.8470847606658936,
    0.8427075743675232,
    0.851089596748352,
    0.8487547636032104,
    0.8528149127960205
  ],
  "recall": [
    0.46277400851249695,
    0.5886807441711426,
    0.6007971167564392,
    0.6241928935050964,
    0.6306496858596802,
    0.6453567147254944,
    0.6565563678741455,
    0.6716221570968628,
    0.6816261410713196,
    0.6890792846679688,
    0.6897169947624207,
    0.7004782557487488,
    0.7063372135162354,
    0.712435245513916
  ],
  "val_auc": [
    0.9645186066627502,
    0.9713625311851501,
    0.9702732563018799,
    0.9743750095367432,
    0.9711229205131531,
    0.9731510281562805,
    0.9680402874946594,
    0.9758883118629456,
    0.9771303534507751,
    0.9756239056587219,
    0.9711952805519104,
    0.9755635261535645,
    0.9722287058830261,
    0.9729204773902893
  ],
  "val_loss": [
    0.054762281477451324,
    0.051986079663038254,
    0.05013611167669296,
    0.04764200747013092,
    0.047354891896247864,
    0.04802169278264046,
    0.047706298530101776,
    0.047201838344335556,
    0.046297866851091385,
    0.04705679044127464,
    0.04663083702325821,
    0.04797128215432167,
    0.04818079248070717,
    0.047834865748882294
  ],
  "val_precision": [
    0.849065899848938,
    0.8385487794876099,
    0.8804574012756348,
    0.8591940999031067,
    0.8393872976303101,
    0.8277310729026794,
    0.8545210361480713,
    0.8288065791130066,
    0.8189688920974731,
    0.8314332365989685,
    0.8351195454597473,
    0.8367854356765747,
    0.8438801169395447,
    0.8171114325523376
  ],
  "val_recall": [
    0.5886162519454956,
    0.6301977038383484,
    0.5773687958717346,
    0.6322426795959473,
    0.6537150740623474,
    0.6714383363723755,
    0.6506475806236267,
    0.6864349246025085,
    0.7092705965042114,
    0.6959781646728516,
    0.6905248761177063,
    0.6884799003601074,
    0.690865695476532,
    0.7096114754676819
  ],
  "learning_rate": [
    0.0010000000474974513,
    0.0010000000474974513,
    0.0010000000474974513,
    0.0010000000474974513,
    0.0010000000474974513,
    0.0010000000474974513,
    0.0010000000474974513,
    0.0005000000237487257,
    0.0005000000237487257,
    0.0005000000237487257,
    0.0005000000237487257,
    0.0002500000118743628,
    0.0002500000118743628,
    0.0001250000059371814
  ],
  "best_epoch": 9
}