{
  "auc": [
    0.8954987525939941,
    0.9429653286933899,
    0.9563691020011902,
    0.9654610753059387,
    0.9690456986427307,
    0.9739263653755188,
    0.9756283760070801,
    0.980063259601593,
    0.9847466945648193,
    0.9867232441902161,
    0.9894809126853943
  ],
  "loss": [
    0.1015065461397171,
    0.06290582567453384,
    0.055044133216142654,
    0.05021123215556145,
    0.04694001376628876,
    0.04343279078602791,
    0.04095939174294472,
    0.03896121308207512,
    0.03493977710604668,
    0.03239366412162781,
    0.029862189665436745
  ],
  "precision": [
    0.528499960899353,
    0.7925559878349304,
    0.8094357848167419,
    0.8158435225486755,
    0.815627932548523,
    0.8199401497840881,
    0.824341356754303,
    0.8281149864196777,
    0.8418861031532288,
    0.8497315645217896,
    0.8594385981559753
  ],
  "recall": [
    0.3872857689857483,
    0.5431646108627319,
    0.5935432314872742,
    0.6333599090576172,
    0.6618971824645996,
    0.6876843571662903,
    0.7045835256576538,
    0.7189318537712097,
    0.7493423819541931,
    0.7696691751480103,
    0.7907931208610535
  ],
  "val_auc": [
    0.9642340540885925,
    0.968651533126831,
    0.9693687558174133,
    0.9720797538757324,
    0.9594157338142395,
    0.9709673523902893,
    0.9607632160186768,
    0.9680089354515076,
    0.9624099135398865,
    0.9417081475257874,
    0.9523891806602478
  ],
  "val_loss": [
    0.05647319555282593,
    0.05299093574285507,
    0.05436746031045914,
    0.05272247642278671,
    0.05851386860013008,
    0.052117444574832916,
    0.060071200132369995,
    0.05820278450846672,
    0.06085328385233879,
    0.06761042773723602,
    0.06699295341968536
  ],
  "val_precision": [
    0.8324705958366394,
    0.8203226923942566,
    0.7675535678863525,
    0.7480342984199524,
    0.8491096496582031,
    0.780441403388977,
    0.8200168013572693,
    0.7837941646575928,
    0.7912976741790771,
    0.8328280448913574,
    0.8035284876823425
  ],
  "val_recall": [
    0.6029311418533325,
    0.6411042809486389,
    0.7079073190689087,
    0.713360607624054,
    0.6175869107246399,
    0.6990456581115723,
    0.6646216511726379,
    0.6956373453140259,
    0.7004089951515198,
    0.6554192304611206,
    0.6830266118049622
  ],
  "learning_rate": [
    0.0010000000474974513,
    0.0010000000474974513,
    0.0010000000474974513,
    0.0010000000474974513,
    0.0010000000474974513,
    0.0010000000474974513,
    0.0010000000474974513,
    0.0010000000474974513,
    0.0005000000237487257,
    0.0005000000237487257,
    0.0002500000118743628
  ],
  "best_epoch": 6
}