{
  "model_type": "bilstm",
  "optimal_thresholds": {
    "toxic": 0.39892691373825073,
    "severe_toxic": 0.36564600467681885,
    "obscene": 0.5603506565093994,
    "threat": 0.1180100291967392,
    "insult": 0.433660626411438,
    "identity_hate": 0.1951092779636383
  },
  "validation_metrics": {
    "toxic": {
      "threshold": 0.39892691373825073,
      "auc": 0.9780127466171762,
      "precision": 0.8229587712206953,
      "recall": 0.8066561014263075,
      "f1": 0.8147258903561424
    },
    "severe_toxic": {
      "threshold": 0.36564600467681885,
      "auc": 0.9897700334997332,
      "precision": 0.45535714285714285,
      "recall": 0.7132867132867133,
      "f1": 0.555858310626703
    },
    "obscene": {
      "threshold": 0.5603506565093994,
      "auc": 0.9888301839880657,
      "precision": 0.8726993865030674,
      "recall": 0.8128571428571428,
      "f1": 0.841715976331361
    },
    "threat": {
      "threshold": 0.1180100291967392,
      "auc": 0.9782478836904345,
      "precision": 0.17,
      "recall": 0.5151515151515151,
      "f1": 0.2556390977443609
    },
    "insult": {
      "threshold": 0.433660626411438,
      "auc": 0.9826231857959136,
      "precision": 0.732574679943101,
      "recall": 0.7573529411764706,
      "f1": 0.7447577729573391
    },
    "identity_hate": {
      "threshold": 0.1951092779636383,
      "auc": 0.9867340193539593,
      "precision": 0.41025641025641024,
      "recall": 0.6896551724137931,
      "f1": 0.5144694533762058
    },
    "macro_avg": {
      "auc": 0.9840363421575472,
      "precision": 0.5773077317967361,
      "recall": 0.7158265977186571,
      "f1": 0.6211944168986854
    },
    "micro_avg": {
      "precision": 0.6761087267525036,
      "recall": 0.8053851397409679,
      "f1": 0.7351065484523254
    }
  },
  "test_metrics": {
    "toxic": {
      "threshold": 0.39892691373825073,
      "auc": 0.9796446613331582,
      "precision": 0.8094771241830065,
      "recall": 0.8105366492146597,
      "f1": 0.8100065402223675
    },
    "severe_toxic": {
      "threshold": 0.36564600467681885,
      "auc": 0.9877298363169631,
      "precision": 0.4110429447852761,
      "recall": 0.6261682242990654,
      "f1": 0.4962962962962963
    },
    "obscene": {
      "threshold": 0.5603506565093994,
      "auc": 0.9898930743536771,
      "precision": 0.8397755610972568,
      "recall": 0.7854227405247813,
      "f1": 0.8116902681530581
    },
    "threat": {
      "threshold": 0.1180100291967392,
      "auc": 0.9769509310195847,
      "precision": 0.13617021276595745,
      "recall": 0.43243243243243246,
      "f1": 0.20711974110032363
    },
    "insult": {
      "threshold": 0.433660626411438,
      "auc": 0.9834726194313012,
      "precision": 0.7093160377358491,
      "recall": 0.7453531598513011,
      "f1": 0.7268882175226586
    },
    "identity_hate": {
      "threshold": 0.1951092779636383,
      "auc": 0.9813637260349889,
      "precision": 0.3789954337899543,
      "recall": 0.564625850340136,
      "f1": 0.453551912568306
    },
    "macro_avg": {
      "auc": 0.9831758080816121,
      "precision": 0.5474628857262167,
      "recall": 0.6607565094437294,
      "f1": 0.5842588293105017
    },
    "micro_avg": {
      "precision": 0.6606638418079096,
      "recall": 0.7934690415606446,
      "f1": 0.7210019267822736
    }
  }
}