{
  "model_type": "cnn",
  "optimal_thresholds": {
    "toxic": 0.5405319929122925,
    "severe_toxic": 0.23912528157234192,
    "obscene": 0.5594509840011597,
    "threat": 0.11504792422056198,
    "insult": 0.4488481283187866,
    "identity_hate": 0.1639070063829422
  },
  "validation_metrics": {
    "toxic": {
      "threshold": 0.5405319929122925,
      "auc": 0.9754741822041088,
      "precision": 0.8347978910369068,
      "recall": 0.7527733755942948,
      "f1": 0.7916666666666666
    },
    "severe_toxic": {
      "threshold": 0.23912528157234192,
      "auc": 0.989585555061274,
      "precision": 0.4739583333333333,
      "recall": 0.6363636363636364,
      "f1": 0.5432835820895522
    },
    "obscene": {
      "threshold": 0.5594509840011597,
      "auc": 0.9867375269351898,
      "precision": 0.825531914893617,
      "recall": 0.8314285714285714,
      "f1": 0.8284697508896797
    },
    "threat": {
      "threshold": 0.11504792422056198,
      "auc": 0.970187225272437,
      "precision": 0.5555555555555556,
      "recall": 0.15151515151515152,
      "f1": 0.23809523809523808
    },
    "insult": {
      "threshold": 0.4488481283187866,
      "auc": 0.9807820910922701,
      "precision": 0.702013422818792,
      "recall": 0.7691176470588236,
      "f1": 0.7340350877192983
    },
    "identity_hate": {
      "threshold": 0.1639070063829422,
      "auc": 0.9781862477851984,
      "precision": 0.3080168776371308,
      "recall": 0.6293103448275862,
      "f1": 0.41359773371104813
    },
    "macro_avg": {
      "auc": 0.9801588047250797,
      "precision": 0.6166456658792225,
      "recall": 0.6284181211313439,
      "f1": 0.5915246765285805
    },
    "micro_avg": {
      "precision": 0.6193771626297578,
      "recall": 0.7931152010906612,
      "f1": 0.6955612016141085
    }
  },
  "test_metrics": {
    "toxic": {
      "threshold": 0.5405319929122925,
      "auc": 0.9763420448383356,
      "precision": 0.8218493395215994,
      "recall": 0.7532722513089005,
      "f1": 0.7860679528768995
    },
    "severe_toxic": {
      "threshold": 0.23912528157234192,
      "auc": 0.9868674540317507,
      "precision": 0.41509433962264153,
      "recall": 0.5482866043613707,
      "f1": 0.47248322147651006
    },
    "obscene": {
      "threshold": 0.5594509840011597,
      "auc": 0.9881089143320526,
      "precision": 0.8083235638921453,
      "recall": 0.8040816326530612,
      "f1": 0.8061970184156679
    },
    "threat": {
      "threshold": 0.11504792422056198,
      "auc": 0.9713600177231972,
      "precision": 0.28,
      "recall": 0.1891891891891892,
      "f1": 0.22580645161290322
    },
    "insult": {
      "threshold": 0.4488481283187866,
      "auc": 0.9815627135865687,
      "precision": 0.6659376708583926,
      "recall": 0.7546468401486989,
      "f1": 0.7075225094394424
    },
    "identity_hate": {
      "threshold": 0.1639070063829422,
      "auc": 0.9731446767379036,
      "precision": 0.2730318257956449,
      "recall": 0.5544217687074829,
      "f1": 0.3658810325476992
    },
    "macro_avg": {
      "auc": 0.9795643035416347,
      "precision": 0.5440394566150707,
      "recall": 0.6006497143947839,
      "f1": 0.5606596977281869
    },
    "micro_avg": {
      "precision": 0.6024187452758881,
      "recall": 0.7886627085100367,
      "f1": 0.6830731558004285
    }
  }
}