{
  "per_label_metrics": {
    "toxic": {
      "precision": 0.8828494260634706,
      "recall": 0.451095394169398,
      "f1": 0.5971001255851125,
      "auc": 0.9331699849103858
    },
    "severe_toxic": {
      "precision": 0.0,
      "recall": 0.0,
      "f1": 0.0,
      "auc": 0.955693875578996
    },
    "obscene": {
      "precision": 0.6778846153846154,
      "recall": 0.22380952380952382,
      "f1": 0.33651551312649164,
      "auc": 0.9131422214765019
    },
    "threat": {
      "precision": 0.0,
      "recall": 0.0,
      "f1": 0.0,
      "auc": 0.8684229847883855
    },
    "insult": {
      "precision": 0.7159763313609467,
      "recall": 0.10228233305156383,
      "f1": 0.17899408284023668,
      "auc": 0.9009632800283236
    },
    "identity_hate": {
      "precision": 0.0,
      "recall": 0.0,
      "f1": 0.0,
      "auc": 0.9131578368373503
    }
  },
  "macro_metrics": {
    "precision": 0.3794517288015054,
    "recall": 0.12953120850508096,
    "f1": 0.18543495359197348,
    "auc": 0.9140916972699906
  },
  "validation_samples": 27654
}