{
  "static": {
    "toxic": {
      "precision": 0.8828494260634706,
      "recall": 0.451095394169398,
      "f1": 0.5971001255851125,
      "auc": 0.9331699849103858,
      "threshold": 0.5
    },
    "severe_toxic": {
      "precision": 0.0,
      "recall": 0.0,
      "f1": 0.0,
      "auc": 0.955693875578996,
      "threshold": 0.5
    },
    "obscene": {
      "precision": 0.6778846153846154,
      "recall": 0.22380952380952382,
      "f1": 0.33651551312649164,
      "auc": 0.9131422214765019,
      "threshold": 0.5
    },
    "threat": {
      "precision": 0.0,
      "recall": 0.0,
      "f1": 0.0,
      "auc": 0.8684229847883855,
      "threshold": 0.5
    },
    "insult": {
      "precision": 0.7159763313609467,
      "recall": 0.10228233305156383,
      "f1": 0.17899408284023668,
      "auc": 0.9009632800283236,
      "threshold": 0.5
    },
    "identity_hate": {
      "precision": 0.0,
      "recall": 0.0,
      "f1": 0.0,
      "auc": 0.9131578368373503,
      "threshold": 0.5
    }
  },
  "optimized": {
    "toxic": {
      "precision": 0.7599253478113336,
      "recall": 0.7726410212178713,
      "f1": 0.7662304336669232,
      "auc": 0.9331699849103858,
      "threshold": 0.20000000000000004
    },
    "severe_toxic": {
      "precision": 0.2482758620689655,
      "recall": 0.3076923076923077,
      "f1": 0.2748091603053435,
      "auc": 0.955693875578996,
      "threshold": 0.1
    },
    "obscene": {
      "precision": 0.46218487394957986,
      "recall": 0.5674603174603174,
      "f1": 0.509440684004275,
      "auc": 0.9131422214765019,
      "threshold": 0.30000000000000004
    },
    "threat": {
      "precision": 0.0,
      "recall": 0.0,
      "f1": 0.0,
      "auc": 0.8684229847883855,
      "threshold": 0.5
    },
    "insult": {
      "precision": 0.39942938659058486,
      "recall": 0.47337278106508873,
      "f1": 0.4332688588007737,
      "auc": 0.9009632800283236,
      "threshold": 0.30000000000000004
    },
    "identity_hate": {
      "precision": 0.10608695652173913,
      "recall": 0.28773584905660377,
      "f1": 0.15501905972045743,
      "auc": 0.9131578368373503,
      "threshold": 0.1
    }
  },
  "optimal_thresholds": {
    "toxic": 0.20000000000000004,
    "severe_toxic": 0.1,
    "obscene": 0.30000000000000004,
    "threat": 0.5,
    "insult": 0.30000000000000004,
    "identity_hate": 0.1
  },
  "improvement": {
    "static_f1_macro": 0.18543495359197348,
    "optimized_f1_macro": 0.3564613660829621,
    "improvement": 0.1710264124909886,
    "improvement_pct": 92.22986776662987
  }
}