{
  "loss": [
    1.3285783529281616,
    0.2336200773715973,
    0.2132086306810379,
    0.20199713110923767,
    0.19564032554626465
  ],
  "val_loss": [
    0.24342703819274902,
    0.20657390356063843,
    0.19957225024700165,
    0.1957259327173233,
    0.19163885712623596
  ],
  "accuracy": [
    0.8440268039703369,
    0.9545884132385254,
    0.9691959023475647,
    0.9792661070823669,
    0.9850159287452698
  ],
  "val_accuracy": [
    0.9950820803642273,
    0.9950820803642273,
    0.9950820803642273,
    0.9950820803642273,
    0.9950820803642273
  ],
  "auc": [
    0.9477511644363403,
    0.977637529373169,
    0.9807494878768921,
    0.9832344651222229,
    0.9840860962867737
  ],
  "val_auc": [
    0.9827466011047363,
    0.9831604957580566,
    0.984019935131073,
    0.9841659069061279,
    0.9827426075935364
  ]
}